Drama;Thriller
Sci-Fi;Thriller
Sci-Fi;Mystery
Sci-Fi;Thriller
Sport;Biography
Sport;Biography
Animation;Sport
Romantic;Drama
Sci-Fi;Action
Comedy;Crime
Thriller;Mystery
Thriller;Mystery
Comedy;Drama
Biography;Musical
Comedy;Drama
Sci-Fï¿½;Drama
Animation;Sport
Mafia;Drama
Drama;Dark
Sci-Fi;Action
Drama;Crime
Biography;Drama
Sport;Drama
Biography;Sport
Western;Action
Mafia;Drama
Mafia;Drama
Biography;Drama
Thriller;Mystery
Drama;Comedy
Crime;Mystery
Sport;Drama
Drama;Thriller
Drama;Dark
Fantastic;Action
Drama;Comedy
Western;Action
Sci-Fi;Drama
Drama;Mystery
Drama;Comedy
Sci-Fi;Drama
Drama;Music
Action;Mystery
Thriller;Mystery
Biography;Music
Thriller;Mystery
Drama;Crime
Thriller;Sci-Fi
Action;Drama
Mafia;Drama
Sci-Fi;Mystery
Psycho;Thriller
Sci-Fi;Drama
Drama;Dark
Sci-Fi;Adventure
War;History
Animation;Sci-Fi
Comedy;Buddy
Fantastic;Action
Drama;Comedy
Drama;Mystery
Drama;Mystery
Sci-Fi;Action
Drama;Sport
Biography;War
Comedy;Drama
Comedy;Drama
Sport;Drama
Fantastic;Action
Thriller;Dark
Fantastic;Comedy
Fantastic;Comedy
Sci-Fi;Thriller
Action;Dark
Action;Dark
Sport;Drama
Comedy;Drama
Sci-Fi;Thriller
Sci-Fi;Drama
Fantastic;Action
Fantastic;Action
Sci-Fi;Dark
Thriller;Dark
Drama;Dark
Action;Dark
Animation;Action
Animation;Adventure
Comedy;Buddy
Thriller;Drama
Fantastic;Action
Fantastic;Action
Sci-Fi;Dark
Fantastic;Action
Thriller;Dark
Fantastic;Action
Fantastic;Action
War;Drama
Fantastic;Action
Fantastic;Action
Drama;Dark
Fantastic;Action
Animation;Adventure
Mafia;Drama
Crime;Drama
Sci-Fi;Action
Sci-Fi;Drama
Fantastic;Sci-Fi
Sci-Fi;Thriller
Animation;Adventure
Fantastic;Thriller
Animation;Fantastic
Animation;Adventure
Fantastic;Comedy
Animation;Sport
Comedy;Buddy
Comedy;Buddy
Mystery;Thriller
Sci-Fi;Action
Thriller;Mystery
Comedy;Buddy
Action;Adventure
Animation;Comedy
Fantastic;Action
Animation;Adventure
Mafia;Drama
Apocalypse;Thriller
Comedy;Buddy
Comedy;Buddy
Sci-Fi;Adventure
Comedy;Western
Action;Buddy
Fantastic;Sport
Fantastic;Sport
Action;Adventure
Animation;Fantastic
Comedy;Buddy
Fantastic;Action
Fantastic;Action
Fantastic;Action
Adventure;Action
Sci-Fi;Thriller
Animation;Adventure
Animation;Adventure
Animation;Adventure
Animation;Buddy
Comedy;Buddy
Comedy;Buddy
Animation;Comedy
Animation;Buddy
Animation;Buddy
Sci-Fi;Thriller
Action;Heist
Animation;Buddy
Adventure;Action
Comedy;Drama
Drama;Thriller
Animation;Buddy
Adventure;Comedy
Drama;Thriller
Drama;Thriller
Sci-Fi;Mystery
Thriller;Drama
Comedy;Mystery
Comedy;Drama
Sci-Fi;Comedy
Thriller;Mystery
Comedy;Buddy
Comedy;Buddy
Comedy;Buddy
Fantastic;Comedy
Animation;Buddy
Fantastic;Comedy
Adventure;Action
Adventure;Action
Sci-Fi;Action
Sci-Fi;Action
Fantastic;Action
Action;Adventure
Thriller;Mystery
Drama;Comedy
Drama;Comedy
Comedy;Drama
Comedy;Drama
Comedy;Buddy
Comedy;Buddy
Comedy;Buddy
Comedy;Buddy
Animation;Adventure
Action;Thriller
Drama;War
Action;Heist
Drama;Adventure
Comedy;Buddy
Comedy;Buddy
Comedy;Buddy
Comedy;Drama
Comedy;Buddy
Comedy;Buddy
Animation;Adventure
Sci-Fi;Action
Comedy;Buddy
Comedy;Buddy
Comedy;Buddy
Comedy;Buddy
Comedy;Buddy
Comedy;Buddy
Comedy;Buddy
Comedy;Buddy
Animation;Comedy
Action;Thriller
Comedy;Drama
Animation;Comedy